datahora,Macrorregioes,Normal(mm),Observado(mm),Desvio(%)
1973-01-01 12:00:00+00:00,Estado do Ceará,98.7,110.5,11.9
1973-02-01 12:00:00+00:00,Estado do Ceará,127.1,130.3,2.5
1973-03-01 12:00:00+00:00,Estado do Ceará,206.2,225.4,9.3
1973-04-01 12:00:00+00:00,Estado do Ceará,184.3,323.2,75.4
1973-05-01 12:00:00+00:00,Estado do Ceará,89.9,131.1,45.9
1973-06-01 12:00:00+00:00,Estado do Ceará,37.5,89.1,137.8
1973-07-01 12:00:00+00:00,Estado do Ceará,15.4,53.5,247.7
1973-08-01 12:00:00+00:00,Estado do Ceará,4.9,12.5,154.8
1973-09-01 12:00:00+00:00,Estado do Ceará,2.3,14.1,517.3
1973-10-01 12:00:00+00:00,Estado do Ceará,3.1,12.6,303.2
1973-11-01 12:00:00+00:00,Estado do Ceará,6.3,3.5,-44.4
1973-12-01 12:00:00+00:00,Estado do Ceará,29.2,27.8,-4.7
1974-01-01 12:00:00+00:00,Estado do Ceará,98.7,234.1,137.1
1974-02-01 12:00:00+00:00,Estado do Ceará,118.6,188.9,59.3
1974-03-01 12:00:00+00:00,Estado do Ceará,203.4,334.2,64.3
1974-04-01 12:00:00+00:00,Estado do Ceará,188.0,427.1,127.2
1974-05-01 12:00:00+00:00,Estado do Ceará,90.6,246.0,171.5
1974-06-01 12:00:00+00:00,Estado do Ceará,37.5,54.3,44.8
1974-07-01 12:00:00+00:00,Estado do Ceará,15.4,14.1,-8.1
1974-08-01 12:00:00+00:00,Estado do Ceará,4.9,2.5,-49.3
1974-09-01 12:00:00+00:00,Estado do Ceará,2.2,12.9,488.5
1974-10-01 12:00:00+00:00,Estado do Ceará,3.9,8.6,118.7
1974-11-01 12:00:00+00:00,Estado do Ceará,5.8,7.5,29.8
1974-12-01 12:00:00+00:00,Estado do Ceará,31.6,44.8,41.6
1975-01-01 12:00:00+00:00,Estado do Ceará,98.7,82.4,-16.5
1975-02-01 12:00:00+00:00,Estado do Ceará,118.6,133.1,12.2
1975-03-01 12:00:00+00:00,Estado do Ceará,203.4,253.7,24.7
1975-04-01 12:00:00+00:00,Estado do Ceará,188.0,168.1,-10.6
1975-05-01 12:00:00+00:00,Estado do Ceará,90.6,183.1,102.2
1975-06-01 12:00:00+00:00,Estado do Ceará,37.5,80.4,114.4
1975-07-01 12:00:00+00:00,Estado do Ceará,15.4,58.0,277.6
1975-08-01 12:00:00+00:00,Estado do Ceará,4.9,7.7,57.3
1975-09-01 12:00:00+00:00,Estado do Ceará,2.2,7.7,248.9
1975-10-01 12:00:00+00:00,Estado do Ceará,3.9,2.2,-43.4
1975-11-01 12:00:00+00:00,Estado do Ceará,5.8,4.5,-21.2
1975-12-01 12:00:00+00:00,Estado do Ceará,31.6,44.7,41.3
1976-01-01 12:00:00+00:00,Estado do Ceará,98.7,35.0,-64.6
1976-02-01 12:00:00+00:00,Estado do Ceará,118.6,199.4,68.1
1976-03-01 12:00:00+00:00,Estado do Ceará,203.4,197.9,-2.7
1976-04-01 12:00:00+00:00,Estado do Ceará,188.0,127.7,-32.1
1976-05-01 12:00:00+00:00,Estado do Ceará,90.6,27.7,-69.4
1976-06-01 12:00:00+00:00,Estado do Ceará,37.5,11.9,-68.4
1976-07-01 12:00:00+00:00,Estado do Ceará,15.4,3.9,-74.5
1976-08-01 12:00:00+00:00,Estado do Ceará,4.9,3.3,-31.8
1976-09-01 12:00:00+00:00,Estado do Ceará,2.2,7.3,232.1
1976-10-01 12:00:00+00:00,Estado do Ceará,3.9,22.5,470.5
1976-11-01 12:00:00+00:00,Estado do Ceará,5.8,24.7,327.8
1976-12-01 12:00:00+00:00,Estado do Ceará,31.6,17.2,-45.5
1977-01-01 12:00:00+00:00,Estado do Ceará,98.7,129.0,30.6
1977-02-01 12:00:00+00:00,Estado do Ceará,118.6,136.2,14.8
1977-03-01 12:00:00+00:00,Estado do Ceará,203.4,181.5,-10.8
1977-04-01 12:00:00+00:00,Estado do Ceará,188.0,208.0,10.6
1977-05-01 12:00:00+00:00,Estado do Ceará,90.6,125.4,38.5
1977-06-01 12:00:00+00:00,Estado do Ceará,37.5,90.4,141.2
1977-07-01 12:00:00+00:00,Estado do Ceará,15.4,47.0,206.1
1977-08-01 12:00:00+00:00,Estado do Ceará,4.9,1.8,-62.4
1977-09-01 12:00:00+00:00,Estado do Ceará,2.2,1.3,-40.8
1977-10-01 12:00:00+00:00,Estado do Ceará,3.9,3.9,-1.6
1977-11-01 12:00:00+00:00,Estado do Ceará,5.8,1.8,-68.8
1977-12-01 12:00:00+00:00,Estado do Ceará,31.6,43.4,37.4
1978-01-01 12:00:00+00:00,Estado do Ceará,98.7,78.4,-20.6
1978-02-01 12:00:00+00:00,Estado do Ceará,118.6,132.5,11.7
1978-03-01 12:00:00+00:00,Estado do Ceará,203.4,142.3,-30.0
1978-04-01 12:00:00+00:00,Estado do Ceará,188.0,168.5,-10.4
1978-05-01 12:00:00+00:00,Estado do Ceará,90.6,131.4,45.1
1978-06-01 12:00:00+00:00,Estado do Ceará,37.5,27.8,-25.8
1978-07-01 12:00:00+00:00,Estado do Ceará,15.4,40.6,164.1
1978-08-01 12:00:00+00:00,Estado do Ceará,4.9,3.1,-36.4
1978-09-01 12:00:00+00:00,Estado do Ceará,2.2,8.7,294.5
1978-10-01 12:00:00+00:00,Estado do Ceará,3.9,3.8,-3.6
1978-11-01 12:00:00+00:00,Estado do Ceará,5.8,17.7,207.3
1978-12-01 12:00:00+00:00,Estado do Ceará,31.6,19.2,-39.2
1979-01-01 12:00:00+00:00,Estado do Ceará,98.7,70.9,-28.2
1979-02-01 12:00:00+00:00,Estado do Ceará,118.6,86.4,-27.2
1979-03-01 12:00:00+00:00,Estado do Ceará,203.4,126.7,-37.7
1979-04-01 12:00:00+00:00,Estado do Ceará,188.0,103.8,-44.8
1979-05-01 12:00:00+00:00,Estado do Ceará,90.6,112.1,23.8
1979-06-01 12:00:00+00:00,Estado do Ceará,37.5,24.1,-35.7
1979-07-01 12:00:00+00:00,Estado do Ceará,15.4,6.7,-56.7
1979-08-01 12:00:00+00:00,Estado do Ceará,4.9,3.3,-32.1
1979-09-01 12:00:00+00:00,Estado do Ceará,2.2,11.3,413.8
1979-10-01 12:00:00+00:00,Estado do Ceará,3.9,3.3,-16.3
1979-11-01 12:00:00+00:00,Estado do Ceará,5.8,28.5,393.9
1979-12-01 12:00:00+00:00,Estado do Ceará,31.6,9.2,-71.0
1980-01-01 12:00:00+00:00,Estado do Ceará,98.7,88.7,-10.2
1980-02-01 12:00:00+00:00,Estado do Ceará,118.6,277.2,133.7
1980-03-01 12:00:00+00:00,Estado do Ceará,203.4,158.2,-22.2
1980-04-01 12:00:00+00:00,Estado do Ceará,188.0,46.2,-75.4
1980-05-01 12:00:00+00:00,Estado do Ceará,90.6,22.5,-75.1
1980-06-01 12:00:00+00:00,Estado do Ceará,37.5,25.5,-32.0
1980-07-01 12:00:00+00:00,Estado do Ceará,15.4,3.4,-77.7
1980-08-01 12:00:00+00:00,Estado do Ceará,4.9,0.8,-84.6
1980-09-01 12:00:00+00:00,Estado do Ceará,2.2,2.6,18.4
1980-10-01 12:00:00+00:00,Estado do Ceará,3.9,7.6,93.8
1980-11-01 12:00:00+00:00,Estado do Ceará,5.8,17.4,202.1
1980-12-01 12:00:00+00:00,Estado do Ceará,31.6,14.8,-53.1
1981-01-01 12:00:00+00:00,Estado do Ceará,98.7,58.5,-40.8
1981-02-01 12:00:00+00:00,Estado do Ceará,118.6,46.2,-61.1
1981-03-01 12:00:00+00:00,Estado do Ceará,203.4,331.8,63.1
1981-04-01 12:00:00+00:00,Estado do Ceará,188.0,72.7,-61.3
1981-05-01 12:00:00+00:00,Estado do Ceará,90.6,37.9,-58.2
1981-06-01 12:00:00+00:00,Estado do Ceará,37.5,7.4,-80.3
1981-07-01 12:00:00+00:00,Estado do Ceará,15.4,0.6,-95.8
1981-08-01 12:00:00+00:00,Estado do Ceará,4.9,2.7,-45.0
1981-09-01 12:00:00+00:00,Estado do Ceará,2.2,0.1,-96.4
1981-10-01 12:00:00+00:00,Estado do Ceará,3.9,0.4,-90.9
1981-11-01 12:00:00+00:00,Estado do Ceará,5.8,1.1,-80.2
1981-12-01 12:00:00+00:00,Estado do Ceará,31.6,50.1,58.4
1982-01-01 12:00:00+00:00,Estado do Ceará,98.7,77.3,-21.7
1982-02-01 12:00:00+00:00,Estado do Ceará,118.6,112.1,-5.5
1982-03-01 12:00:00+00:00,Estado do Ceará,203.4,144.4,-29.0
1982-04-01 12:00:00+00:00,Estado do Ceará,188.0,158.3,-15.8
1982-05-01 12:00:00+00:00,Estado do Ceará,90.6,63.1,-30.4
1982-06-01 12:00:00+00:00,Estado do Ceará,37.5,18.1,-51.7
1982-07-01 12:00:00+00:00,Estado do Ceará,15.4,8.8,-42.9
1982-08-01 12:00:00+00:00,Estado do Ceará,4.9,3.4,-30.0
1982-09-01 12:00:00+00:00,Estado do Ceará,2.2,2.3,3.0
1982-10-01 12:00:00+00:00,Estado do Ceará,3.9,4.1,3.5
1982-11-01 12:00:00+00:00,Estado do Ceará,5.8,8.0,38.3
1982-12-01 12:00:00+00:00,Estado do Ceará,31.6,12.3,-61.0
1983-01-01 12:00:00+00:00,Estado do Ceará,98.7,13.7,-86.1
1983-02-01 12:00:00+00:00,Estado do Ceará,118.6,116.7,-1.6
1983-03-01 12:00:00+00:00,Estado do Ceará,203.4,115.1,-43.4
1983-04-01 12:00:00+00:00,Estado do Ceará,188.0,59.8,-68.2
1983-05-01 12:00:00+00:00,Estado do Ceará,90.6,16.2,-82.1
1983-06-01 12:00:00+00:00,Estado do Ceará,37.5,5.7,-84.7
1983-07-01 12:00:00+00:00,Estado do Ceará,15.4,2.2,-85.5
1983-08-01 12:00:00+00:00,Estado do Ceará,4.9,1.6,-66.3
1983-09-01 12:00:00+00:00,Estado do Ceará,2.2,0.2,-90.4
1983-10-01 12:00:00+00:00,Estado do Ceará,3.9,1.3,-68.3
1983-11-01 12:00:00+00:00,Estado do Ceará,5.8,0.4,-92.5
1983-12-01 12:00:00+00:00,Estado do Ceará,31.6,8.6,-72.8
1984-01-01 12:00:00+00:00,Estado do Ceará,98.7,45.7,-53.7
1984-02-01 12:00:00+00:00,Estado do Ceará,118.6,80.9,-31.8
1984-03-01 12:00:00+00:00,Estado do Ceará,203.4,266.0,30.8
1984-04-01 12:00:00+00:00,Estado do Ceará,188.0,325.1,72.9
1984-05-01 12:00:00+00:00,Estado do Ceará,90.6,152.6,68.5
1984-06-01 12:00:00+00:00,Estado do Ceará,37.5,44.7,19.1
1984-07-01 12:00:00+00:00,Estado do Ceará,15.4,23.8,55.1
1984-08-01 12:00:00+00:00,Estado do Ceará,4.9,9.6,96.5
1984-09-01 12:00:00+00:00,Estado do Ceará,2.2,4.1,86.3
1984-10-01 12:00:00+00:00,Estado do Ceará,3.9,11.7,196.0
1984-11-01 12:00:00+00:00,Estado do Ceará,5.8,6.6,14.2
1984-12-01 12:00:00+00:00,Estado do Ceará,31.6,13.9,-56.0
1985-01-01 12:00:00+00:00,Estado do Ceará,98.7,205.3,108.0
1985-02-01 12:00:00+00:00,Estado do Ceará,118.6,301.4,154.0
1985-03-01 12:00:00+00:00,Estado do Ceará,203.4,339.0,66.7
1985-04-01 12:00:00+00:00,Estado do Ceará,188.0,404.7,115.2
1985-05-01 12:00:00+00:00,Estado do Ceará,90.6,173.3,91.3
1985-06-01 12:00:00+00:00,Estado do Ceará,37.5,91.0,142.6
1985-07-01 12:00:00+00:00,Estado do Ceará,15.4,59.1,284.5
1985-08-01 12:00:00+00:00,Estado do Ceará,4.9,10.7,118.6
1985-09-01 12:00:00+00:00,Estado do Ceará,2.2,4.0,83.1
1985-10-01 12:00:00+00:00,Estado do Ceará,3.9,0.6,-85.8
1985-11-01 12:00:00+00:00,Estado do Ceará,5.8,4.3,-24.9
1985-12-01 12:00:00+00:00,Estado do Ceará,31.6,115.0,263.9
1986-01-01 12:00:00+00:00,Estado do Ceará,98.7,80.1,-18.8
1986-02-01 12:00:00+00:00,Estado do Ceará,118.6,192.2,62.0
1986-03-01 12:00:00+00:00,Estado do Ceará,203.4,354.5,74.3
1986-04-01 12:00:00+00:00,Estado do Ceará,188.0,292.3,55.4
1986-05-01 12:00:00+00:00,Estado do Ceará,90.6,112.9,24.6
1986-06-01 12:00:00+00:00,Estado do Ceará,37.5,73.4,95.9
1986-07-01 12:00:00+00:00,Estado do Ceará,15.4,22.4,45.8
1986-08-01 12:00:00+00:00,Estado do Ceará,4.9,12.3,152.5
1986-09-01 12:00:00+00:00,Estado do Ceará,2.2,6.6,202.0
1986-10-01 12:00:00+00:00,Estado do Ceará,3.9,9.9,149.9
1986-11-01 12:00:00+00:00,Estado do Ceará,5.8,20.0,246.5
1986-12-01 12:00:00+00:00,Estado do Ceará,31.6,11.3,-64.2
1987-01-01 12:00:00+00:00,Estado do Ceará,98.7,48.3,-51.1
1987-02-01 12:00:00+00:00,Estado do Ceará,118.6,77.1,-35.0
1987-03-01 12:00:00+00:00,Estado do Ceará,203.4,302.1,48.5
1987-04-01 12:00:00+00:00,Estado do Ceará,188.0,95.1,-49.4
1987-05-01 12:00:00+00:00,Estado do Ceará,90.6,23.6,-74.0
1987-06-01 12:00:00+00:00,Estado do Ceará,37.5,68.6,83.1
1987-07-01 12:00:00+00:00,Estado do Ceará,15.4,11.2,-27.3
1987-08-01 12:00:00+00:00,Estado do Ceará,4.9,1.8,-62.4
1987-09-01 12:00:00+00:00,Estado do Ceará,2.2,1.6,-25.3
1987-10-01 12:00:00+00:00,Estado do Ceará,3.9,0.7,-81.5
1987-11-01 12:00:00+00:00,Estado do Ceará,5.8,1.4,-75.9
1987-12-01 12:00:00+00:00,Estado do Ceará,31.6,1.3,-96.0
1988-01-01 12:00:00+00:00,Estado do Ceará,98.7,87.3,-11.6
1988-02-01 12:00:00+00:00,Estado do Ceará,118.6,98.4,-17.0
1988-03-01 12:00:00+00:00,Estado do Ceará,203.4,238.7,17.3
1988-04-01 12:00:00+00:00,Estado do Ceará,188.0,263.8,40.3
1988-05-01 12:00:00+00:00,Estado do Ceará,90.6,130.5,44.0
1988-06-01 12:00:00+00:00,Estado do Ceará,37.5,52.6,40.4
1988-07-01 12:00:00+00:00,Estado do Ceará,15.4,18.2,18.2
1988-08-01 12:00:00+00:00,Estado do Ceará,4.9,0.8,-82.8
1988-09-01 12:00:00+00:00,Estado do Ceará,2.2,2.2,-0.7
1988-10-01 12:00:00+00:00,Estado do Ceará,3.9,4.5,13.6
1988-11-01 12:00:00+00:00,Estado do Ceará,5.8,4.9,-15.2
1988-12-01 12:00:00+00:00,Estado do Ceará,31.6,83.3,163.4
1989-01-01 12:00:00+00:00,Estado do Ceará,98.7,81.6,-17.4
1989-02-01 12:00:00+00:00,Estado do Ceará,118.6,39.1,-67.1
1989-03-01 12:00:00+00:00,Estado do Ceará,203.4,223.7,10.0
1989-04-01 12:00:00+00:00,Estado do Ceará,188.0,363.5,93.3
1989-05-01 12:00:00+00:00,Estado do Ceará,90.6,171.6,89.4
1989-06-01 12:00:00+00:00,Estado do Ceará,37.5,46.3,23.6
1989-07-01 12:00:00+00:00,Estado do Ceará,15.4,49.6,222.5
1989-08-01 12:00:00+00:00,Estado do Ceará,4.9,8.2,69.2
1989-09-01 12:00:00+00:00,Estado do Ceará,2.2,5.4,145.1
1989-10-01 12:00:00+00:00,Estado do Ceará,3.9,7.0,78.3
1989-11-01 12:00:00+00:00,Estado do Ceará,5.8,6.5,12.1
1989-12-01 12:00:00+00:00,Estado do Ceará,31.6,138.2,337.3
1990-01-01 12:00:00+00:00,Estado do Ceará,98.7,19.4,-80.3
1990-02-01 12:00:00+00:00,Estado do Ceará,118.6,125.3,5.6
1990-03-01 12:00:00+00:00,Estado do Ceará,203.4,82.7,-59.3
1990-04-01 12:00:00+00:00,Estado do Ceará,188.0,141.3,-24.9
1990-05-01 12:00:00+00:00,Estado do Ceará,90.6,77.6,-14.4
1990-06-01 12:00:00+00:00,Estado do Ceará,37.5,19.2,-48.8
1990-07-01 12:00:00+00:00,Estado do Ceará,15.4,27.2,76.8
1990-08-01 12:00:00+00:00,Estado do Ceará,4.9,5.5,13.3
1990-09-01 12:00:00+00:00,Estado do Ceará,2.2,9.0,308.6
1990-10-01 12:00:00+00:00,Estado do Ceará,3.9,3.7,-5.6
1990-11-01 12:00:00+00:00,Estado do Ceará,5.8,14.7,155.0
1990-12-01 12:00:00+00:00,Estado do Ceará,31.6,5.3,-83.2
1991-01-01 12:00:00+00:00,Estado do Ceará,98.7,97.9,-0.8
1991-02-01 12:00:00+00:00,Estado do Ceará,118.6,103.3,-13.0
1991-03-01 12:00:00+00:00,Estado do Ceará,203.4,227.8,12.0
1991-04-01 12:00:00+00:00,Estado do Ceará,188.0,136.0,-27.7
1991-05-01 12:00:00+00:00,Estado do Ceará,90.6,98.9,9.2
1991-06-01 12:00:00+00:00,Estado do Ceará,37.5,15.3,-59.2
1991-07-01 12:00:00+00:00,Estado do Ceará,15.4,3.7,-75.8
1991-08-01 12:00:00+00:00,Estado do Ceará,4.9,0.8,-83.6
1991-09-01 12:00:00+00:00,Estado do Ceará,2.2,0.1,-95.9
1991-10-01 12:00:00+00:00,Estado do Ceará,3.9,2.8,-28.7
1991-11-01 12:00:00+00:00,Estado do Ceará,5.8,2.6,-54.6
1991-12-01 12:00:00+00:00,Estado do Ceará,31.6,0.3,-99.0
1992-01-01 12:00:00+00:00,Estado do Ceará,98.7,133.1,34.9
1992-02-01 12:00:00+00:00,Estado do Ceará,118.6,156.2,31.7
1992-03-01 12:00:00+00:00,Estado do Ceará,203.4,162.7,-20.0
1992-04-01 12:00:00+00:00,Estado do Ceará,188.0,116.4,-38.1
1992-05-01 12:00:00+00:00,Estado do Ceará,90.6,8.9,-90.1
1992-06-01 12:00:00+00:00,Estado do Ceará,37.5,18.8,-50.0
1992-07-01 12:00:00+00:00,Estado do Ceará,15.4,7.8,-49.2
1992-08-01 12:00:00+00:00,Estado do Ceará,4.9,0.3,-94.3
1992-09-01 12:00:00+00:00,Estado do Ceará,2.2,3.7,68.5
1992-10-01 12:00:00+00:00,Estado do Ceará,3.9,0.3,-91.6
1992-11-01 12:00:00+00:00,Estado do Ceará,5.8,1.4,-75.5
1992-12-01 12:00:00+00:00,Estado do Ceará,31.6,1.3,-95.9
1993-01-01 12:00:00+00:00,Estado do Ceará,98.7,29.9,-69.8
1993-02-01 12:00:00+00:00,Estado do Ceará,118.6,75.3,-36.6
1993-03-01 12:00:00+00:00,Estado do Ceará,203.4,93.9,-53.9
1993-04-01 12:00:00+00:00,Estado do Ceará,188.0,75.1,-60.1
1993-05-01 12:00:00+00:00,Estado do Ceará,90.6,45.1,-50.3
1993-06-01 12:00:00+00:00,Estado do Ceará,37.5,9.4,-75.0
1993-07-01 12:00:00+00:00,Estado do Ceará,15.4,16.3,6.3
1993-08-01 12:00:00+00:00,Estado do Ceará,4.9,1.6,-68.2
1993-09-01 12:00:00+00:00,Estado do Ceará,2.2,1.5,-33.5
1993-10-01 12:00:00+00:00,Estado do Ceará,3.9,3.4,-13.3
1993-11-01 12:00:00+00:00,Estado do Ceará,5.8,8.0,38.5
1993-12-01 12:00:00+00:00,Estado do Ceará,31.6,17.6,-44.2
1994-01-01 12:00:00+00:00,Estado do Ceará,98.7,133.1,34.8
1994-02-01 12:00:00+00:00,Estado do Ceará,118.6,150.8,27.1
1994-03-01 12:00:00+00:00,Estado do Ceará,203.4,209.4,2.9
1994-04-01 12:00:00+00:00,Estado do Ceará,188.0,191.6,1.9
1994-05-01 12:00:00+00:00,Estado do Ceará,90.6,113.9,25.7
1994-06-01 12:00:00+00:00,Estado do Ceará,37.5,128.1,241.7
1994-07-01 12:00:00+00:00,Estado do Ceará,15.4,16.6,8.2
1994-08-01 12:00:00+00:00,Estado do Ceará,4.9,0.8,-83.4
1994-09-01 12:00:00+00:00,Estado do Ceará,2.2,1.5,-33.0
1994-10-01 12:00:00+00:00,Estado do Ceará,3.9,1.3,-67.3
1994-11-01 12:00:00+00:00,Estado do Ceará,5.8,2.6,-54.7
1994-12-01 12:00:00+00:00,Estado do Ceará,31.6,64.0,102.6
1995-01-01 12:00:00+00:00,Estado do Ceará,98.7,64.0,-35.2
1995-02-01 12:00:00+00:00,Estado do Ceará,118.6,148.2,24.9
1995-03-01 12:00:00+00:00,Estado do Ceará,203.4,193.0,-5.1
1995-04-01 12:00:00+00:00,Estado do Ceará,188.0,267.2,42.1
1995-05-01 12:00:00+00:00,Estado do Ceará,90.6,170.7,88.5
1995-06-01 12:00:00+00:00,Estado do Ceará,37.5,38.4,2.4
1995-07-01 12:00:00+00:00,Estado do Ceará,15.4,27.4,78.6
1995-08-01 12:00:00+00:00,Estado do Ceará,4.9,0.7,-85.6
1995-09-01 12:00:00+00:00,Estado do Ceará,2.2,0.4,-83.2
1995-10-01 12:00:00+00:00,Estado do Ceará,3.9,7.5,90.5
1995-11-01 12:00:00+00:00,Estado do Ceará,5.8,21.2,267.6
1995-12-01 12:00:00+00:00,Estado do Ceará,31.6,7.0,-78.0
1996-01-01 12:00:00+00:00,Estado do Ceará,98.7,137.0,38.8
1996-02-01 12:00:00+00:00,Estado do Ceará,118.6,112.7,-5.0
1996-03-01 12:00:00+00:00,Estado do Ceará,203.4,250.5,23.1
1996-04-01 12:00:00+00:00,Estado do Ceará,188.0,280.7,49.3
1996-05-01 12:00:00+00:00,Estado do Ceará,90.6,98.5,8.7
1996-06-01 12:00:00+00:00,Estado do Ceará,37.5,8.6,-77.0
1996-07-01 12:00:00+00:00,Estado do Ceará,15.4,10.6,-30.8
1996-08-01 12:00:00+00:00,Estado do Ceará,4.9,11.8,141.8
1996-09-01 12:00:00+00:00,Estado do Ceará,2.2,2.1,-5.3
1996-10-01 12:00:00+00:00,Estado do Ceará,3.9,5.5,40.5
1996-11-01 12:00:00+00:00,Estado do Ceará,5.8,23.7,311.4
1996-12-01 12:00:00+00:00,Estado do Ceará,31.6,9.7,-69.3
1997-01-01 12:00:00+00:00,Estado do Ceará,98.7,87.5,-11.4
1997-02-01 12:00:00+00:00,Estado do Ceará,118.6,69.3,-41.6
1997-03-01 12:00:00+00:00,Estado do Ceará,203.4,205.2,0.9
1997-04-01 12:00:00+00:00,Estado do Ceará,188.0,161.4,-14.2
1997-05-01 12:00:00+00:00,Estado do Ceará,90.6,81.8,-9.7
1997-06-01 12:00:00+00:00,Estado do Ceará,37.5,2.6,-93.1
1997-07-01 12:00:00+00:00,Estado do Ceará,15.4,4.6,-70.4
1997-08-01 12:00:00+00:00,Estado do Ceará,4.9,3.6,-26.9
1997-09-01 12:00:00+00:00,Estado do Ceará,2.2,0.2,-92.3
1997-10-01 12:00:00+00:00,Estado do Ceará,3.9,2.4,-38.9
1997-11-01 12:00:00+00:00,Estado do Ceará,5.8,5.5,-5.3
1997-12-01 12:00:00+00:00,Estado do Ceará,31.6,30.3,-4.2
1998-01-01 12:00:00+00:00,Estado do Ceará,98.7,129.2,30.8
1998-02-01 12:00:00+00:00,Estado do Ceará,118.6,42.8,-64.0
1998-03-01 12:00:00+00:00,Estado do Ceará,203.4,117.1,-42.5
1998-04-01 12:00:00+00:00,Estado do Ceará,188.0,63.7,-66.1
1998-05-01 12:00:00+00:00,Estado do Ceará,90.6,18.0,-80.1
1998-06-01 12:00:00+00:00,Estado do Ceará,37.5,5.8,-84.6
1998-07-01 12:00:00+00:00,Estado do Ceará,15.4,3.7,-76.1
1998-08-01 12:00:00+00:00,Estado do Ceará,4.9,3.4,-30.2
1998-09-01 12:00:00+00:00,Estado do Ceará,2.2,0.2,-93.2
1998-10-01 12:00:00+00:00,Estado do Ceará,3.9,0.6,-84.5
1998-11-01 12:00:00+00:00,Estado do Ceará,5.8,1.2,-79.4
1998-12-01 12:00:00+00:00,Estado do Ceará,31.6,17.6,-44.4
1999-01-01 12:00:00+00:00,Estado do Ceará,98.7,85.3,-13.6
1999-02-01 12:00:00+00:00,Estado do Ceará,118.6,96.6,-18.6
1999-03-01 12:00:00+00:00,Estado do Ceará,203.4,224.1,10.2
1999-04-01 12:00:00+00:00,Estado do Ceará,188.0,117.1,-37.7
1999-05-01 12:00:00+00:00,Estado do Ceará,90.6,142.4,57.2
1999-06-01 12:00:00+00:00,Estado do Ceará,37.5,14.0,-62.8
1999-07-01 12:00:00+00:00,Estado do Ceará,15.4,2.3,-85.2
1999-08-01 12:00:00+00:00,Estado do Ceará,4.9,0.3,-94.3
1999-09-01 12:00:00+00:00,Estado do Ceará,2.2,1.7,-23.9
1999-10-01 12:00:00+00:00,Estado do Ceará,3.9,4.2,6.5
1999-11-01 12:00:00+00:00,Estado do Ceará,5.8,17.7,207.8
1999-12-01 12:00:00+00:00,Estado do Ceará,31.6,64.3,103.3
2000-01-01 12:00:00+00:00,Estado do Ceará,98.7,135.5,37.2
2000-02-01 12:00:00+00:00,Estado do Ceará,118.6,174.6,47.2
2000-03-01 12:00:00+00:00,Estado do Ceará,203.4,160.0,-21.4
2000-04-01 12:00:00+00:00,Estado do Ceará,188.0,214.5,14.1
2000-05-01 12:00:00+00:00,Estado do Ceará,90.6,57.4,-36.7
2000-06-01 12:00:00+00:00,Estado do Ceará,37.5,34.7,-7.5
2000-07-01 12:00:00+00:00,Estado do Ceará,15.4,29.5,91.7
2000-08-01 12:00:00+00:00,Estado do Ceará,4.9,30.3,521.6
2000-09-01 12:00:00+00:00,Estado do Ceará,2.2,14.2,548.7
2000-10-01 12:00:00+00:00,Estado do Ceará,3.9,0.9,-76.7
2000-11-01 12:00:00+00:00,Estado do Ceará,5.8,3.2,-44.3
2000-12-01 12:00:00+00:00,Estado do Ceará,31.6,37.6,19.0
2001-01-01 12:00:00+00:00,Estado do Ceará,98.7,51.7,-47.6
2001-02-01 12:00:00+00:00,Estado do Ceará,118.6,79.8,-32.8
2001-03-01 12:00:00+00:00,Estado do Ceará,203.4,148.6,-27.0
2001-04-01 12:00:00+00:00,Estado do Ceará,188.0,191.2,1.7
2001-05-01 12:00:00+00:00,Estado do Ceará,90.6,23.4,-74.2
2001-06-01 12:00:00+00:00,Estado do Ceará,37.5,35.2,-6.0
2001-07-01 12:00:00+00:00,Estado do Ceará,15.4,6.9,-55.4
2001-08-01 12:00:00+00:00,Estado do Ceará,4.9,1.3,-73.5
2001-09-01 12:00:00+00:00,Estado do Ceará,2.2,1.2,-44.9
2001-10-01 12:00:00+00:00,Estado do Ceará,3.9,4.0,1.7
2001-11-01 12:00:00+00:00,Estado do Ceará,5.8,2.7,-53.9
2001-12-01 12:00:00+00:00,Estado do Ceará,31.6,28.2,-10.9
2002-01-01 12:00:00+00:00,Estado do Ceará,98.7,245.1,148.3
2002-02-01 12:00:00+00:00,Estado do Ceará,118.6,49.4,-58.4
2002-03-01 12:00:00+00:00,Estado do Ceará,203.4,187.1,-8.0
2002-04-01 12:00:00+00:00,Estado do Ceará,188.0,176.1,-6.3
2002-05-01 12:00:00+00:00,Estado do Ceará,90.6,92.7,2.4
2002-06-01 12:00:00+00:00,Estado do Ceará,37.5,37.3,-0.4
2002-07-01 12:00:00+00:00,Estado do Ceará,15.4,16.1,4.6
2002-08-01 12:00:00+00:00,Estado do Ceará,4.9,0.3,-93.8
2002-09-01 12:00:00+00:00,Estado do Ceará,2.2,0.6,-70.9
2002-10-01 12:00:00+00:00,Estado do Ceará,3.9,0.4,-90.6
2002-11-01 12:00:00+00:00,Estado do Ceará,5.8,2.7,-52.5
2002-12-01 12:00:00+00:00,Estado do Ceará,31.6,10.4,-67.2
2003-01-01 12:00:00+00:00,Estado do Ceará,98.7,99.9,1.2
2003-02-01 12:00:00+00:00,Estado do Ceará,118.6,179.4,51.2
2003-03-01 12:00:00+00:00,Estado do Ceará,203.4,267.2,31.3
2003-04-01 12:00:00+00:00,Estado do Ceará,188.0,156.2,-16.9
2003-05-01 12:00:00+00:00,Estado do Ceará,90.6,67.1,-26.0
2003-06-01 12:00:00+00:00,Estado do Ceará,37.5,47.4,26.5
2003-07-01 12:00:00+00:00,Estado do Ceará,15.4,1.5,-90.6
2003-08-01 12:00:00+00:00,Estado do Ceará,4.9,1.4,-71.3
2003-09-01 12:00:00+00:00,Estado do Ceará,2.2,0.1,-96.4
2003-10-01 12:00:00+00:00,Estado do Ceará,3.9,0.9,-76.4
2003-11-01 12:00:00+00:00,Estado do Ceará,5.8,1.9,-66.9
2003-12-01 12:00:00+00:00,Estado do Ceará,31.6,12.7,-59.8
2004-01-01 12:00:00+00:00,Estado do Ceará,98.7,406.1,311.4
2004-02-01 12:00:00+00:00,Estado do Ceará,118.6,246.1,107.5
2004-03-01 12:00:00+00:00,Estado do Ceará,203.4,139.9,-31.2
2004-04-01 12:00:00+00:00,Estado do Ceará,188.0,82.2,-56.3
2004-05-01 12:00:00+00:00,Estado do Ceará,90.6,55.6,-38.7
2004-06-01 12:00:00+00:00,Estado do Ceará,37.5,76.5,104.0
2004-07-01 12:00:00+00:00,Estado do Ceará,15.4,21.3,38.3
2004-08-01 12:00:00+00:00,Estado do Ceará,4.9,2.0,-58.5
2004-09-01 12:00:00+00:00,Estado do Ceará,2.2,0.9,-60.8
2004-10-01 12:00:00+00:00,Estado do Ceará,3.9,0.5,-87.8
2004-11-01 12:00:00+00:00,Estado do Ceará,5.8,1.3,-77.8
2004-12-01 12:00:00+00:00,Estado do Ceará,31.6,6.4,-79.8
2005-01-01 12:00:00+00:00,Estado do Ceará,98.7,61.1,-38.1
2005-02-01 12:00:00+00:00,Estado do Ceará,118.6,51.1,-56.9
2005-03-01 12:00:00+00:00,Estado do Ceará,203.4,194.8,-4.2
2005-04-01 12:00:00+00:00,Estado do Ceará,188.0,94.5,-49.7
2005-05-01 12:00:00+00:00,Estado do Ceará,90.6,104.5,15.3
2005-06-01 12:00:00+00:00,Estado do Ceará,37.5,41.8,11.4
2005-07-01 12:00:00+00:00,Estado do Ceará,15.4,5.4,-64.8
2005-08-01 12:00:00+00:00,Estado do Ceará,4.9,1.3,-72.5
2005-09-01 12:00:00+00:00,Estado do Ceará,2.2,0.1,-96.4
2005-10-01 12:00:00+00:00,Estado do Ceará,3.9,0.0,-99.2
2005-11-01 12:00:00+00:00,Estado do Ceará,5.8,1.0,-82.3
2005-12-01 12:00:00+00:00,Estado do Ceará,31.6,28.4,-10.1
2006-01-01 12:00:00+00:00,Estado do Ceará,98.7,24.1,-75.6
2006-02-01 12:00:00+00:00,Estado do Ceará,118.6,124.0,4.5
2006-03-01 12:00:00+00:00,Estado do Ceará,203.4,188.7,-7.2
2006-04-01 12:00:00+00:00,Estado do Ceará,188.0,206.8,10.0
2006-05-01 12:00:00+00:00,Estado do Ceará,90.6,136.5,50.7
2006-06-01 12:00:00+00:00,Estado do Ceará,37.5,45.8,22.1
2006-07-01 12:00:00+00:00,Estado do Ceará,15.4,5.9,-61.9
2006-08-01 12:00:00+00:00,Estado do Ceará,4.9,3.2,-33.5
2006-09-01 12:00:00+00:00,Estado do Ceará,2.2,0.9,-59.5
2006-10-01 12:00:00+00:00,Estado do Ceará,3.9,4.5,14.2
2006-11-01 12:00:00+00:00,Estado do Ceará,5.8,2.8,-50.7
2006-12-01 12:00:00+00:00,Estado do Ceará,31.6,22.2,-29.6
2007-01-01 12:00:00+00:00,Estado do Ceará,98.7,24.0,-75.7
2007-02-01 12:00:00+00:00,Estado do Ceará,118.6,246.5,107.8
2007-03-01 12:00:00+00:00,Estado do Ceará,203.4,120.2,-40.9
2007-04-01 12:00:00+00:00,Estado do Ceará,188.0,154.6,-17.8
2007-05-01 12:00:00+00:00,Estado do Ceará,90.6,48.9,-46.1
2007-06-01 12:00:00+00:00,Estado do Ceará,37.5,29.7,-20.7
2007-07-01 12:00:00+00:00,Estado do Ceará,15.4,4.6,-70.0
2007-08-01 12:00:00+00:00,Estado do Ceará,4.9,0.3,-93.0
2007-09-01 12:00:00+00:00,Estado do Ceará,2.2,0.2,-92.7
2007-10-01 12:00:00+00:00,Estado do Ceará,3.9,0.3,-92.9
2007-11-01 12:00:00+00:00,Estado do Ceará,5.8,1.6,-71.6
2007-12-01 12:00:00+00:00,Estado do Ceará,31.6,38.9,23.2
2008-01-01 12:00:00+00:00,Estado do Ceará,98.7,99.1,0.4
2008-02-01 12:00:00+00:00,Estado do Ceará,118.6,95.5,-19.5
2008-03-01 12:00:00+00:00,Estado do Ceará,203.4,332.5,63.5
2008-04-01 12:00:00+00:00,Estado do Ceará,188.0,239.1,27.2
2008-05-01 12:00:00+00:00,Estado do Ceará,90.6,104.8,15.6
2008-06-01 12:00:00+00:00,Estado do Ceará,37.5,17.8,-52.5
2008-07-01 12:00:00+00:00,Estado do Ceará,15.4,10.8,-29.7
2008-08-01 12:00:00+00:00,Estado do Ceará,4.9,9.5,94.4
2008-09-01 12:00:00+00:00,Estado do Ceará,2.2,0.3,-85.0
2008-10-01 12:00:00+00:00,Estado do Ceará,3.9,0.5,-87.6
2008-11-01 12:00:00+00:00,Estado do Ceará,5.8,0.4,-92.4
2008-12-01 12:00:00+00:00,Estado do Ceará,31.6,12.8,-59.5
2009-01-01 12:00:00+00:00,Estado do Ceará,98.7,111.9,13.4
2009-02-01 12:00:00+00:00,Estado do Ceará,118.6,143.9,21.3
2009-03-01 12:00:00+00:00,Estado do Ceará,203.4,207.9,2.2
2009-04-01 12:00:00+00:00,Estado do Ceará,188.0,380.5,102.3
2009-05-01 12:00:00+00:00,Estado do Ceará,90.6,244.8,170.3
2009-06-01 12:00:00+00:00,Estado do Ceará,37.5,64.4,71.7
2009-07-01 12:00:00+00:00,Estado do Ceará,15.4,40.3,162.2
2009-08-01 12:00:00+00:00,Estado do Ceará,4.9,16.6,240.2
2009-09-01 12:00:00+00:00,Estado do Ceará,2.2,0.7,-67.2
2009-10-01 12:00:00+00:00,Estado do Ceará,3.9,1.9,-52.1
2009-11-01 12:00:00+00:00,Estado do Ceará,5.8,1.9,-67.9
2009-12-01 12:00:00+00:00,Estado do Ceará,31.6,11.1,-65.0
2010-01-01 12:00:00+00:00,Estado do Ceará,98.7,88.9,-9.9
2010-02-01 12:00:00+00:00,Estado do Ceará,118.6,24.5,-79.4
2010-03-01 12:00:00+00:00,Estado do Ceará,203.4,73.7,-63.8
2010-04-01 12:00:00+00:00,Estado do Ceará,188.0,159.5,-15.2
2010-05-01 12:00:00+00:00,Estado do Ceará,90.6,44.6,-50.7
2010-06-01 12:00:00+00:00,Estado do Ceará,37.5,26.2,-30.2
2010-07-01 12:00:00+00:00,Estado do Ceará,15.4,2.9,-81.5
2010-08-01 12:00:00+00:00,Estado do Ceará,4.9,0.0,-99.2
2010-09-01 12:00:00+00:00,Estado do Ceará,2.2,0.0,-98.6
2010-10-01 12:00:00+00:00,Estado do Ceará,3.9,32.5,724.9
2010-11-01 12:00:00+00:00,Estado do Ceará,5.8,1.6,-72.9
2010-12-01 12:00:00+00:00,Estado do Ceará,31.6,88.2,179.0
2011-01-01 12:00:00+00:00,Estado do Ceará,98.7,212.9,115.6
2011-02-01 12:00:00+00:00,Estado do Ceará,118.6,169.6,43.0
2011-03-01 12:00:00+00:00,Estado do Ceará,203.4,156.4,-23.1
2011-04-01 12:00:00+00:00,Estado do Ceará,188.0,196.9,4.7
2011-05-01 12:00:00+00:00,Estado do Ceará,90.6,136.1,50.2
2011-06-01 12:00:00+00:00,Estado do Ceará,37.5,31.2,-16.7
2011-07-01 12:00:00+00:00,Estado do Ceará,15.4,50.2,226.9
2011-08-01 12:00:00+00:00,Estado do Ceará,4.9,11.5,135.3
2011-09-01 12:00:00+00:00,Estado do Ceará,2.2,0.5,-75.9
2011-10-01 12:00:00+00:00,Estado do Ceará,3.9,50.5,1182.0
2011-11-01 12:00:00+00:00,Estado do Ceará,5.8,12.8,122.8
2011-12-01 12:00:00+00:00,Estado do Ceará,31.6,5.8,-81.7
2012-01-01 12:00:00+00:00,Estado do Ceará,98.7,54.0,-45.3
2012-02-01 12:00:00+00:00,Estado do Ceará,118.6,138.1,16.4
2012-03-01 12:00:00+00:00,Estado do Ceará,203.4,93.2,-54.2
2012-04-01 12:00:00+00:00,Estado do Ceará,188.0,52.6,-72.0
2012-05-01 12:00:00+00:00,Estado do Ceará,90.6,18.6,-79.5
2012-06-01 12:00:00+00:00,Estado do Ceará,37.5,19.5,-48.1
2012-07-01 12:00:00+00:00,Estado do Ceará,15.4,6.6,-57.4
2012-08-01 12:00:00+00:00,Estado do Ceará,4.9,0.3,-94.7
2012-09-01 12:00:00+00:00,Estado do Ceará,2.2,0.1,-93.6
2012-10-01 12:00:00+00:00,Estado do Ceará,3.9,0.3,-93.2
2012-11-01 12:00:00+00:00,Estado do Ceará,5.8,1.7,-70.7
2012-12-01 12:00:00+00:00,Estado do Ceará,31.6,4.0,-87.3
2013-01-01 12:00:00+00:00,Estado do Ceará,98.7,37.6,-61.9
2013-02-01 12:00:00+00:00,Estado do Ceará,118.6,61.6,-48.1
2013-03-01 12:00:00+00:00,Estado do Ceará,203.4,78.4,-61.4
2013-04-01 12:00:00+00:00,Estado do Ceará,188.0,132.1,-29.7
2013-05-01 12:00:00+00:00,Estado do Ceará,90.6,92.2,1.8
2013-06-01 12:00:00+00:00,Estado do Ceará,37.5,60.6,61.5
2013-07-01 12:00:00+00:00,Estado do Ceará,15.4,29.7,93.3
2013-08-01 12:00:00+00:00,Estado do Ceará,4.9,1.4,-71.9
2013-09-01 12:00:00+00:00,Estado do Ceará,2.2,0.4,-80.0
2013-10-01 12:00:00+00:00,Estado do Ceará,3.9,2.7,-32.8
2013-11-01 12:00:00+00:00,Estado do Ceará,5.8,17.9,209.7
2013-12-01 12:00:00+00:00,Estado do Ceará,31.6,36.7,16.1
2014-01-01 12:00:00+00:00,Estado do Ceará,98.7,46.6,-52.8
2014-02-01 12:00:00+00:00,Estado do Ceará,118.6,91.9,-22.5
2014-03-01 12:00:00+00:00,Estado do Ceará,203.4,158.3,-22.2
2014-04-01 12:00:00+00:00,Estado do Ceará,188.0,124.9,-33.6
2014-05-01 12:00:00+00:00,Estado do Ceará,90.6,85.1,-6.1
2014-06-01 12:00:00+00:00,Estado do Ceará,37.5,10.2,-72.9
2014-07-01 12:00:00+00:00,Estado do Ceará,15.4,5.2,-66.0
2014-08-01 12:00:00+00:00,Estado do Ceará,4.9,0.3,-94.9
2014-09-01 12:00:00+00:00,Estado do Ceará,2.2,2.4,11.1
2014-10-01 12:00:00+00:00,Estado do Ceará,3.9,10.1,156.7
2014-11-01 12:00:00+00:00,Estado do Ceará,5.8,24.7,329.0
2014-12-01 12:00:00+00:00,Estado do Ceará,31.6,5.8,-81.7
2015-01-01 12:00:00+00:00,Estado do Ceará,98.7,27.8,-71.9
2015-02-01 12:00:00+00:00,Estado do Ceará,118.6,96.3,-18.9
2015-03-01 12:00:00+00:00,Estado do Ceará,203.4,178.4,-12.3
2015-04-01 12:00:00+00:00,Estado do Ceará,188.0,106.4,-43.4
2015-05-01 12:00:00+00:00,Estado do Ceará,90.6,37.7,-58.4
2015-06-01 12:00:00+00:00,Estado do Ceará,37.5,36.6,-2.5
2015-07-01 12:00:00+00:00,Estado do Ceará,15.4,36.5,137.5
2015-08-01 12:00:00+00:00,Estado do Ceará,4.9,0.8,-83.0
2015-09-01 12:00:00+00:00,Estado do Ceará,2.2,0.3,-88.6
2015-10-01 12:00:00+00:00,Estado do Ceará,3.9,0.3,-92.9
2015-11-01 12:00:00+00:00,Estado do Ceará,5.8,0.1,-97.9
2015-12-01 12:00:00+00:00,Estado do Ceará,31.6,11.6,-63.3
2016-01-01 12:00:00+00:00,Estado do Ceará,98.7,191.8,94.3
2016-02-01 12:00:00+00:00,Estado do Ceará,118.6,53.2,-55.2
2016-03-01 12:00:00+00:00,Estado do Ceará,203.4,129.4,-36.4
2016-04-01 12:00:00+00:00,Estado do Ceará,188.0,97.4,-48.2
2016-05-01 12:00:00+00:00,Estado do Ceará,90.6,47.4,-47.7
2016-06-01 12:00:00+00:00,Estado do Ceará,37.5,17.6,-52.9
2016-07-01 12:00:00+00:00,Estado do Ceará,15.4,1.0,-93.2
2016-08-01 12:00:00+00:00,Estado do Ceará,4.9,0.1,-98.8
2016-09-01 12:00:00+00:00,Estado do Ceará,2.2,0.7,-66.3
2016-10-01 12:00:00+00:00,Estado do Ceará,3.9,0.2,-95.7
2016-11-01 12:00:00+00:00,Estado do Ceará,5.8,0.6,-90.5
2016-12-01 12:00:00+00:00,Estado do Ceará,31.6,27.5,-13.0
2017-01-01 12:00:00+00:00,Estado do Ceará,98.7,68.3,-30.8
2017-02-01 12:00:00+00:00,Estado do Ceará,118.6,159.9,34.8
2017-03-01 12:00:00+00:00,Estado do Ceará,203.4,206.2,1.4
2017-04-01 12:00:00+00:00,Estado do Ceará,188.0,116.1,-38.3
2017-05-01 12:00:00+00:00,Estado do Ceará,90.6,69.4,-23.3
2017-06-01 12:00:00+00:00,Estado do Ceará,37.5,26.8,-28.4
2017-07-01 12:00:00+00:00,Estado do Ceará,15.4,30.8,100.2
2017-08-01 12:00:00+00:00,Estado do Ceará,4.9,1.7,-64.7
2017-09-01 12:00:00+00:00,Estado do Ceará,2.2,0.6,-71.8
2017-10-01 12:00:00+00:00,Estado do Ceará,3.9,1.4,-65.5
2017-11-01 12:00:00+00:00,Estado do Ceará,5.8,2.8,-50.7
2017-12-01 12:00:00+00:00,Estado do Ceará,31.6,14.1,-55.5